"population","household.size","race.pctblack","race.pctwhite","race.pctasian","race.pcthisp","age.pct12to21","age.pct12to29","age.pct16to24","age.pct65up","pct.urban","med.income","pct.wage.inc","pct.farmself.inc","pct.inv.inc","pct.socsec.inc","pct.pubasst.inc","pct.retire","med.family.inc","percap.inc","white.percap","black.percap","indian.percap","asian.percap","hisp.percap","pct.pop.underpov","pct.less9thgrade","pct.not.hsgrad","pct.bs.ormore","pct.unemployed","pct.employed","pct.employed.manuf","pct.employed.profserv","pct.occup.manuf","pct.occup.mgmtprof","male.pct.divorce","male.pct.nvrmarried","female.pct.divorce","total.pct.divorce","ave.people.per.fam","pct.fam2parents","pct.kids2parents","pct.youngkids2parents","pct.teens2parents","pct.workmom.youngkids","pct.workmom","num.kids.nvrmarried","pct.kids.nvrmarried","num.immig","pct.immig.recent","pct.immig.recent5","pct.immig.recent8","pct.immig.recent10","pct.pop.immig","pct.pop.immig5","pct.pop.immig8","pct.pop.immig10","pct.english.only","pct.no.english.well","pct.fam.hh.large","pct.occup.hh.large","ave.people.per.hh","ave.people.per.ownoccup.hh","ave.people.per.rented.hh","pct.people.ownoccup.hh","pct.people.dense.hh","pct.hh.less3br","med.num.br","pct.house.occup","pct.house.ownoccup","pct.house.vacant","pct.house.vacant.6moplus","med.yr.house.built","pct.house.nophone","pct.house.no.plumb","value.ownoccup.house.lowquart","value.ownoccup.med","value.ownoccup.highquart","ownoccup.qrange","rent.lowquart","rent.med","rent.highquart","rent.qrange","med.rent","med.rent.aspct.hhinc","med.owncost.aspct.hhinc.wmort","med.owncost.as.pct.hhinc.womort","num.in.shelters","num.homeless","pct.foreignborn","pct.born.samestate","pct.samehouse1985","pct.samecity1985","pct.samestate1985","land.area","pop.density","pct.use.publictransit","violentcrimes.perpop"
16023,2.63,13.79,83.94,1.42,2.4,11.91,23.09,10.33,13.65,100,34934,80.47,0.3,47.11,27.98,2.74,23.43,39691,15534,16027,13246,9320,11052,14449,5.75,4.07,14.21,21.25,5.39,64.92,18.44,24.03,9.88,32.44,10.45,23.08,13.36,11.99,2.96,77.22,72.98,82.62,75.63,67.95,75.78,167,1.41,742,10.38,12.4,19.68,23.72,0.48,0.57,0.91,1.1,93.6,0.75,3.74,2.82,2.58,2.61,2.45,78.92,2.26,29.4,3,93.31,77.85,1.14,29.52,1972,2.03,0.08,61700,73900,92300,30600,371,457,508,137,543,24.5,20.9,11.3,0,0,4.63,28.32,45.19,75.45,81.03,10.1,1581.4,0.58,560.71
29721,2.34,3.52,95.13,1.03,1.7,10.52,18.8,9.27,22.59,100,32704,64.97,0.48,54.7,41.16,4.52,26.5,37695,18875,19228,8871,22920,23131,19684,6.72,4.72,15.77,26.17,4.21,51.11,8.61,27.27,7.13,37.67,8.39,22.21,11.99,10.31,2.75,76.18,74.95,86.68,78.71,62.3,70.28,276,1.18,1797,6.73,7.12,9.74,13.69,0.41,0.43,0.59,0.83,91.96,0.7,2.01,1.41,2.32,2.37,2.13,78.76,1.07,43.28,3,89.52,76.93,0.81,27.37,1975,1.73,0.08,71000,91500,128900,57900,335,449,576,241,544,28.3,21.8,12.7,0,0,6.05,22.65,46.85,70.75,77.44,26.1,1137.7,0.77,142.7
10205,2.46,1.06,97.38,1.04,1.79,9.62,18.03,7.64,23.89,0,26654,63.11,0.41,40.44,45.95,3.65,31.45,29464,12165,12077,4231,13612,17931,9763,6.77,7.04,26.53,9.91,5.66,48.43,8.22,19.42,13.47,20.69,8.33,15.28,9.77,9.08,2.74,80.47,75.83,89.36,82,62.3,69.76,145,1.68,559,2.5,5.72,10.2,17.35,0.14,0.31,0.56,0.95,94.06,0.44,2.39,1.91,2.46,2.37,2.89,79.15,1.88,52.66,2,89.87,82.22,0.21,25.05,1984,3.16,0.2,56300,68700,87100,30800,394,449,508,114,557,25.8,22.2,11.5,0,0,5.5,22.88,32.16,52.33,71.28,13,785.2,0,339.96
124773,2.47,29.09,68.24,1.75,3,23.68,42.67,28.84,7.94,100,23453,85.3,0.67,38.24,17.18,4.59,11.89,34764,13247,15763,7676,11546,10151,9096,22.32,5.59,14.48,40.72,5.56,63.45,3.6,33.42,6.23,37.49,9.32,48.87,13.45,11.51,2.93,61.16,57.44,70.74,62.15,72.28,78.45,5233,7.88,5615,24.42,32.56,43.94,52.06,1.1,1.47,1.98,2.34,92.68,0.85,3.55,1.92,2.26,2.48,2.08,49.61,4.27,58.18,2,91.35,45.17,2.24,16.91,1974,3.43,0.27,52100,72400,99000,46900,265,353,449,184,444,31.2,19.4,12.8,148,30,4.5,48.67,34.91,58.18,81.03,65.6,1903.4,2.82,1981.45
13024,2.25,31.3,67.17,0.5,6.09,9.62,20.98,9.8,19.56,100,23269,69.71,0.9,35.81,36.36,6.41,13.41,26628,13006,15955,7066,14581,6469,7267,20.64,13.67,39.4,11.76,8.89,53.53,7.47,21.68,12.04,21.68,16.81,32.88,16.73,16.77,2.83,49.89,42.44,53.59,42.01,62.84,62.39,893,8.51,1783,11.61,17.67,30.79,37.58,1.59,2.42,4.22,5.14,81.87,2.64,4.68,2.64,2.19,2.1,2.29,53.61,8.7,81.08,2,75.26,55.75,4.41,42.52,1971,8.39,0.53,60600,84500,117300,56700,306,396,498,192,484,28.3,26.2,13,15,1,13.69,29.41,49.25,80.62,85.68,5.3,2442.6,2.28,2649.8
280015,2.44,25.05,70.9,1.35,15,13,27.51,13.44,13.15,100,22772,75.21,0.42,32.56,28.72,9.46,14.7,27662,13277,15785,6841,10172,10037,10142,19.44,11.47,29.37,18.7,6.54,60.13,9.91,23.42,13.4,25.73,15.01,34.1,18.14,16.66,3.01,58.62,51.4,63.27,60.73,63.78,70.03,15174,7.25,22291,8.89,15.67,22.85,35.71,0.71,1.25,1.82,2.84,82.17,3.17,5.15,3.13,2.35,2.46,2.22,57.93,6.03,59.72,2,88.52,55.46,5.31,31.03,1963,10.12,0.71,43000,59000,86800,43800,236,334,416,180,408,27.2,21.9,13,423,140,7.96,44.91,47.85,77.94,84.29,112.6,2487.1,3.3,3235.45
79443,2.94,3.48,93.08,2.12,7.12,16.71,27.43,12.9,6.39,100,43428,87.41,0.34,47.14,16.88,2.15,9.04,49856,18319,18653,11989,26800,16487,13111,5.16,3.42,10.81,31.47,3.85,72.25,9.84,21.44,6.2,32.87,7.37,27.41,11.81,9.68,3.34,81.78,81.54,91.14,83.5,60.56,70.12,806,1.66,9031,14.22,25.17,34.8,42.91,1.62,2.86,3.96,4.88,86.64,1.82,4.02,3.18,2.94,3.16,2.58,67.04,3.69,42.47,3,90.7,62.4,0.47,23.78,1982,1.05,0.22,127700,160200,207500,79800,497,576,678,181,661,27.9,26.1,13.8,0,1,11.37,18.21,33.35,61.84,68.53,24.3,3265,0.78,294.6
16444,2.57,5.38,91.2,1.96,8.65,14.36,28.13,14.18,9.02,100,37156,85.91,0.42,53.81,18.82,1.72,15.61,41982,19266,20177,10521,0,6974,14543,6.67,2.42,7.82,39.7,2.92,71.21,8.67,32.9,5.66,40.73,8.04,29.53,14.39,11.42,2.93,74.99,74.49,82.25,75.7,73.71,76.44,139,1.34,1228,17.67,23.62,29.64,39.33,1.32,1.76,2.21,2.94,86.85,1.44,2.48,1.8,2.52,2.61,2.37,64.96,2.23,45.14,3,93.52,62.75,0,18.47,1977,1.14,0.15,70900,100100,148400,77500,396,443,517,121,523,26.5,21.7,12.9,0,0,7.47,33.17,39.88,69.58,78.9,5.1,3209.2,0.84,210.79
46194,2.28,20.12,77.74,0.63,6.76,9.11,20.12,9.05,27.21,100,28824,61.44,0.44,50.14,45.65,4.35,22.53,34186,16668,19104,7688,12982,15533,10160,9.59,9.6,26.93,16.36,5.26,50.58,7.46,22.58,8.72,24.55,9.4,24.14,12.08,10.86,2.75,65.86,58.86,76.65,67.77,65.41,74.07,1833,4.87,5775,14.23,25.09,32.66,44.29,1.78,3.14,4.08,5.54,83.66,2.88,5,3.27,2.25,2.18,2.47,74.16,4.84,72.66,2,79.44,76.45,1.43,24.47,1976,2.71,0.33,62900,79400,103700,40800,427,537,625,198,632,28.1,23.4,11.9,16,12,12.49,22.11,48.19,72.79,79.61,15.7,2945.3,1.04,1357.38
14044,2.17,0.48,98.32,0.58,2.03,8.94,19.79,9.42,28.94,100,18514,55.7,0.39,42.53,49.05,5.54,27.24,22576,11294,11302,9274,3739,15348,8119,14.61,10.26,32.74,8.24,5.97,43.13,6.37,27.3,11.33,21.43,12.76,20.47,14.92,13.98,2.65,65.16,62.76,78.28,69.16,64.56,71.15,213,1.71,674,2.82,3.71,10.68,18.25,0.14,0.18,0.51,0.88,92.14,0.68,2.2,1.31,2.09,2.07,2.12,64.29,2.12,82.39,2,82.78,64.78,0.74,35.63,1974,5.76,0.2,40300,50400,66100,25800,271,314,350,79,372,29.5,23.6,11.2,3,9,4.8,17.37,44.9,69.85,79.05,4.4,3224.1,0,522.13
47217,2.64,3.85,92.82,1.75,9.98,12.46,26.77,12,8.46,100,36843,87,0.39,38.53,19.32,2.99,10.16,41768,16747,17319,7042,20457,12342,13599,7.77,4.56,19.32,20.5,4.66,70.62,9.29,20,8.95,27.69,11.74,27.29,15.43,13.64,3.06,76.49,73.84,86.33,76.04,59.89,71,648,2.1,5150,17.63,24.35,33.59,44.99,1.92,2.66,3.66,4.91,84.18,2.08,3.49,2.51,2.62,2.69,2.43,75.71,4.32,51.08,2,90.03,73.83,2.88,27.45,1979,2.97,0.4,75900,106600,150900,75000,392,498,601,209,581,26.3,24.8,11.3,0,0,10.91,30.22,36.21,71.45,83.54,33.5,1411.1,0.49,536.18
14903,2.35,27.56,71.41,0.38,1.96,11.77,22.27,10.95,21.61,0,20213,64.65,1.06,36.06,42.96,9.09,22.04,24225,11457,13620,5827,20315,17962,7395,19.62,12.38,33.58,13.66,7.76,50.09,11.45,26.74,14.4,21.31,12.45,23.83,15.62,14.22,2.86,57.25,50.73,54.49,51.45,59.78,70.98,748,5.39,485,21.86,24.12,32.58,38.35,0.71,0.79,1.06,1.25,94.86,0.65,4.2,2.73,2.28,2.14,2.48,54.11,4.16,62.53,2,86.65,57.67,6.65,29.04,1971,10.13,0.31,42100,54900,76400,34300,193,275,344,151,358,25.6,18.7,11.5,44,0,3.25,41.55,48.94,74.5,85.28,9.3,1604.5,0.67,2018.97
16922,1.86,1.27,98.27,0.3,0.68,4.68,9.38,4.64,48.35,100,27834,39.25,0.94,69.63,68.37,3.68,40.08,33024,19940,20227,2476,14111,17620,11562,5.79,6.2,19.28,23.32,3.96,27.58,8.34,27.49,8.22,26.11,7.78,13.07,9.61,8.84,2.29,63.39,60.8,84.08,71.14,57.14,71.89,107,0.61,1140,2.72,3.16,4.04,4.82,0.18,0.21,0.27,0.33,93.51,0.91,1.05,0.63,1.8,1.81,1.76,74.92,0.81,81.68,2,72.94,74.38,0.06,32.62,1974,3.02,0,68800,91300,130700,61900,369,468,605,236,535,29.4,22.6,11.2,0,3,6.74,6.75,49.33,69.68,74.8,7.7,2201.1,0.15,353.42
22754,2.71,21.26,75.56,0.57,8.3,13.83,25.82,12.12,12.46,0,25268,77.36,1.65,28.1,28.59,8.51,13.4,30513,12292,13802,6797,12475,104100,6602,17.84,14.22,32.03,13.45,5.34,60.55,16.97,18.88,19.25,21.82,11.77,23.21,14.76,13.4,3.15,66.79,60.59,70.03,74.54,52.65,64.3,890,4.57,1033,12.29,31.95,38.92,47.14,0.56,1.45,1.77,2.14,90.35,1.99,6.52,4.82,2.67,2.62,2.76,64.63,7.05,49.11,3,89.79,65.81,2.2,29.42,1973,13.03,0.73,42500,59900,89500,47000,224,315,397,173,400,28,22.5,13,0,6,4.54,50.54,42.36,76.15,84.52,21.9,1037.9,0,2523.46
74991,2.52,1.01,97.47,0.62,3.67,10.48,20.43,9.11,20.68,97.8,31177,68.06,0.54,51.63,41.25,3.19,28.4,33916,14934,15067,10717,7924,8768,8938,5.91,5.24,18.63,15.22,4.35,54.69,6.96,21.15,10.25,22.82,8.06,17.72,10.38,9.28,2.81,79.67,77.25,89.09,81.75,65.3,74.28,339,0.57,4881,6.92,11.99,17.89,21.84,0.45,0.78,1.16,1.42,91.03,0.91,2.43,1.9,2.5,2.49,2.55,74.62,1.66,37.67,3,86.26,75.11,0.15,21.57,1981,1.3,0.1,70000,91100,130500,60500,375,438,537,162,533,26.7,23.6,11.9,0,0,6.51,13.69,34.49,60.88,66.97,108.9,688.6,0.42,303.72
50961,2.23,16.22,81.99,0.69,4.73,10.72,22.78,11.3,21.45,100,24884,65.37,0.45,45.23,40.1,5.56,18.68,30236,16151,18170,6604,9891,8046,9055,13.25,7.79,23.64,21,4.69,55.05,8.58,23.37,10.18,24.92,15.18,30.93,17.66,16.51,2.73,55.96,50.44,61.32,57.17,65.83,74.7,1902,4.87,3297,10.01,17.05,22.72,29.69,0.65,1.1,1.47,1.92,91.07,1.38,3.36,1.98,2.14,2.11,2.19,55.93,3.95,70.12,2,84.61,56.88,2.91,24.86,1967,7.96,0.3,55700,71600,107800,52100,317,411,509,192,492,28.6,23,12.2,84,7,6.47,27.13,45.21,73.63,81.08,15.2,3363.3,1.55,1846.45
47181,2.21,26.28,71.99,0.68,6.08,8.02,18.34,8.34,28.6,100,31146,59.93,0.57,54.61,48.39,4.44,21.86,36191,21292,26432,7689,16552,17428,10138,11.35,9.78,25.41,21.52,7.2,48.53,7.3,21,8.72,26.09,10.13,25.62,12.17,11.22,2.7,61.66,53.95,71.78,67.55,69.24,73.42,2077,5.48,6745,13.89,30.36,40.33,54.83,1.99,4.34,5.77,7.84,82.75,4.53,5.06,3.19,2.19,2.15,2.3,68.88,5.26,72.68,2,77.71,70.3,2.17,26.66,1975,4.25,0.3,65200,92900,150700,85500,390,513,637,247,599,28.6,24.2,12.9,0,12,14.3,21.92,49.44,74.32,80.69,15.4,3070.1,0.99,1399.48
24832,2.38,10.39,86.05,1.41,16.5,9.66,26.43,11.67,10.67,0,28121,80.82,0.84,38.07,19.69,5.32,13.61,31663,15547,16460,9337,23290,13734,13547,10.39,9.45,20.15,20.84,2.86,71.63,2.91,16.67,7.47,23.8,14.95,37.06,16.99,15.89,2.97,76.31,73.2,85.14,78.33,67.8,78.17,291,1.99,2312,12.93,16.78,22.92,30.28,1.2,1.56,2.13,2.82,78.79,3.64,3.51,2.03,2.31,2.27,2.35,41.27,5.5,65.73,2,85.3,42.06,1.84,20.87,1957,8.58,1.21,103400,147400,197900,94500,419,559,730,311,608,30.9,26.7,12.8,0,113,9.31,33.18,37.97,57.39,66.45,5.7,4378,1.67,1523.92
70576,2.38,20.2,78.12,0.9,3.26,13.18,24.59,12.95,20.31,100,24462,66.97,0.7,40.27,38.71,6.44,20.9,29229,13487,15297,6863,13116,9113,12874,13.96,9.4,26.03,19.27,6.59,52.73,12.41,24.67,14.48,26.35,11.86,25.33,14.73,13.44,2.84,63.38,56.58,70.65,66.17,63.37,72.38,2736,4.84,3011,10.06,16.11,19.59,29.46,0.43,0.69,0.84,1.26,93.55,0.92,3.87,2.53,2.29,2.31,2.25,59.76,3.4,60.9,2,84.89,59.04,1.74,32.23,1971,7.61,0.28,45200,61600,86500,41300,243,316,396,153,403,25.9,19.9,12.4,145,30,4.27,38.7,44.93,74.03,83.02,39.8,1774.5,1.24,1523.3
40663,2.82,15.66,79.29,2.3,17.33,12.99,26.33,11.65,8.86,99.77,35794,84.84,0.87,35.88,20.94,3.49,10.72,38708,13820,14313,11824,15109,12462,12233,8.38,6.36,22.05,14.94,4.79,69.35,9.99,22.23,8.95,25.85,10,26.97,14.59,12.42,3.2,75.62,72.6,84.03,75.61,67.71,75.85,695,2.51,8156,9.85,15.39,25.37,34.31,1.97,3.09,5.09,6.88,77.56,2.93,5.61,4.33,2.82,2.86,2.72,78.62,7.18,47.15,3,94.44,77.78,1.89,30.54,1969,1.47,0.57,68200,81200,94800,26600,424,519,613,189,610,29.1,22.9,13.7,0,0,20.06,30.92,46.36,66.19,83.1,30.7,1322.6,0.9,743.07
10507,2.67,4.66,91.37,3.03,3.06,15.3,27.32,13.17,8.19,100,31510,82.98,0.5,45.13,20.19,4.15,32.81,35482,13742,14142,11352,1471,7480,11555,8.44,5.11,14.19,22.41,5.82,66.2,8.34,22.62,9.93,32.65,9.08,23.5,11.53,10.31,3.02,80.66,77.58,81.3,88.08,65.28,75.86,57,0.72,530,8.11,10.38,12.64,20.94,0.41,0.52,0.64,1.06,91.05,0.83,2.76,2.13,2.64,2.74,2.44,69.22,1.73,34.32,3,92.51,66.71,0.94,34.8,1977,2.79,0,60300,74000,92100,31800,224,318,433,209,410,27.1,21.7,11.2,0,0,5.04,22.11,46.4,67.45,71.48,11,957.3,0.38,190.95
10201,2.58,46.61,52.6,0.27,1.69,15.75,26.23,12.69,16.27,0,14579,61.23,1.49,23.56,37.9,23.03,15.18,18522,7989,11376,4244,1135,0,7427,36.51,17.41,40.75,8.97,11.85,44.74,19.69,23.22,19.02,20.66,12.88,30.93,18.17,15.99,3.22,44.28,35.52,46.97,36.91,62.19,66.42,1009,9.9,99,9.09,16.16,16.16,22.22,0.09,0.16,0.16,0.22,96.81,0.7,8.72,5.67,2.52,2.47,2.58,50.79,6.41,55.75,2,91.31,51.94,3.72,28.46,1965,16.21,1.83,29800,41100,57000,27200,99,180,286,187,234,27.3,16,12.8,3,13,0.97,62.93,50.52,83.21,92.08,6.5,1564.6,2.59,2650.26
11936,2.1,15.14,83.45,0.67,3.88,8.35,18.79,8.7,29.71,100,26233,53.87,0.1,50.45,51.07,5.94,27.92,33500,16125,18070,7000,10788,9170,5652,11.5,8.27,22.5,16.82,4.98,46.42,8.42,24.6,10.03,24,12.95,25.14,14.05,13.55,2.62,62.8,56.58,82.46,65.09,60.96,78.18,464,4.3,805,6.96,10.43,18.51,25.34,0.47,0.7,1.25,1.71,92.11,1.27,3.36,1.86,1.99,1.97,2.01,64.1,3.62,77.62,2,81.09,64.48,1.36,39.46,1974,4.94,0.37,58200,76500,99500,41300,322,424,514,192,507,29.7,19.8,11.1,26,1,6.74,22.41,48.16,72.13,80.17,4.6,2619.8,0,1095.46
10378,2.09,0.17,98.88,0.59,2.48,7.02,14.68,7.1,25.27,100,40934,62.09,0.28,63.47,45.18,2.4,18.97,53350,28696,28947,11200,0,14431,14473,4.98,5.74,14.88,27.58,4.36,53.1,8.33,21.79,5.15,32.86,10.12,18.74,10.32,10.23,2.61,85.71,85.85,100,97.32,71.38,61.96,12,0.14,942,4.99,6.9,15.5,21.55,0.45,0.63,1.41,1.96,89.29,1.35,1.73,1.09,2.09,2.15,1.76,86.31,0.77,53.45,2,86.28,83.77,12.66,27.97,1965,0.89,0,136300,193400,327200,190900,431,507,639,208,561,28.1,25.5,12.4,0,0,9.08,14.89,57.37,83.15,86.71,2.4,4367.8,0.89,178.57
62632,2.68,7.49,89.25,1.76,5.29,11.9,26.35,11.03,10.7,100,30287,80.75,0.56,39.9,23.58,3.82,20.37,32725,12645,13052,9057,11112,10037,9650,8.73,5.01,17.89,16.66,5.84,63.88,24.57,16.84,12.13,25.28,9.62,23.87,12.86,11.27,3.05,79.06,75.6,90.4,78.75,64.05,70.36,637,1.43,4611,13.29,17.5,25.46,32.38,0.98,1.29,1.87,2.38,90,1.11,3.99,3.04,2.67,2.7,2.63,67.42,2.79,38.6,3,88.79,66.83,1.32,22.21,1983,2.71,0.17,54600,67500,86300,31700,369,423,485,116,510,24.8,22.2,11.1,0,0,7.36,23.9,31.24,60.18,68.13,65.9,950.2,0.15,602.99
65452,2.45,5.26,91.28,1.99,11.51,10.07,22.93,9.64,18.32,99.75,36431,74.03,0.31,50.77,34.6,2.63,15.1,41827,16747,17128,12998,16407,12124,14534,5.08,5.08,18.2,20.9,3.51,60.67,7.93,22.33,5.92,30.76,8.16,22.54,12.53,10.53,2.87,80.41,78.9,89.94,80.27,68.81,75.74,835,1.81,9789,8.69,13.61,18.65,26.79,1.3,2.04,2.79,4.01,82.15,2.16,2.56,1.8,2.4,2.45,2.23,78.44,2.95,63.74,2,90.44,76.79,0.18,22.27,1981,0.33,0.12,77200,93800,118000,40800,522,608,676,154,685,27,22.1,13.7,0,0,14.96,24.78,41.18,62.37,79.51,33.1,1977.9,0.76,305.77
35317,2.36,1,97.72,0.78,1.95,10.4,20.43,9.47,21.3,100,26472,66.48,0.82,46.54,40.83,3.15,26.55,30693,13391,13401,15802,10908,5401,12017,8.22,5.35,20.23,15.26,4.54,55.3,7.84,22.45,8.63,24.67,9.46,20.81,12.41,11,2.75,78.23,75.48,89.78,72.82,67.41,77.94,254,0.92,1889,2.54,5.72,8.63,12.39,0.14,0.31,0.46,0.66,92.48,0.62,2.14,1.53,2.35,2.36,2.32,79.08,1.53,57.92,2,87.93,78.84,0.49,19.42,1981,2.2,0.26,65600,78900,95300,29700,367,443,515,148,547,28.7,24.3,11.8,0,0,5.35,20.28,41.21,66.7,73.03,20.8,1694,0.6,184.39
49998,2.48,31.88,62.42,2.41,24.56,11.61,26.48,12,13.09,100,24898,79.31,0.68,31.97,26.14,4.62,10.03,28424,13297,16380,7962,16151,11065,10062,15.48,11.25,30.7,17.89,8.23,62.11,9.49,24.17,11.81,22.63,13.98,33.22,17.9,16.08,3.14,61.82,58,74.4,62.44,73.88,76.96,2369,7.52,18587,14.81,26.29,37.14,51.63,5.5,9.77,13.81,19.19,54.79,8.9,8.32,5.03,2.44,2.71,2.18,54.1,15.46,77.26,2,91.04,48.68,1.62,18.18,1964,3.44,0.62,59800,71800,93500,33700,371,423,496,125,489,28.5,24.2,12.5,10,14,37.18,26.15,43.15,78.04,80.7,8.7,5728.5,7.87,1818.82
17906,2.42,8.04,90.62,0.69,1.8,11.58,20.95,10,21.35,100,25380,64.78,0.35,45.08,42.4,5.31,23.86,30490,13557,14492,4777,6615,4721,11631,10.82,8.74,25.82,15.15,6.91,48.87,9.35,22.66,9.51,25.66,10.78,22.29,12.05,11.45,2.86,71.49,66.37,76.15,76.61,58.05,65.91,378,2.55,1908,6.6,10.22,12.11,17.45,0.7,1.09,1.29,1.86,82.44,2.09,3.53,2.45,2.37,2.4,2.29,72.47,2.57,62.52,2,81.15,71.49,0.47,31.61,1976,5.45,0.29,59900,80700,111100,51200,253,355,459,206,424,29.5,25.3,12.7,5,0,10.66,25.03,48.4,70.72,78.23,9,1990.4,0.67,985.82
61492,2.34,2.9,94.38,1.9,5.59,11.1,21.72,11.1,18.96,100,42314,71.55,0.71,60.39,33.74,2.24,18.19,53544,28307,29325,7939,7633,14114,15372,5.51,3.65,11.56,34.86,3.29,58.08,8,23.72,4.89,37.49,8.39,27.41,10.7,9.6,2.78,81.02,79.93,91.36,83.84,52.43,62.4,417,0.98,8195,16.4,27.46,36.28,43.34,2.19,3.66,4.83,5.78,84.43,2.4,2.36,1.55,2.27,2.35,2.03,77.13,1.93,54.26,2,79.58,74.47,0.58,22.37,1974,0.74,0.09,118900,165300,277000,158100,480,581,692,212,656,28.3,24.3,12.1,0,0,13.33,14.83,45.32,65.31,76.26,28.2,2183.4,0.56,360.34
16543,2.1,8.12,91.25,0.4,1.03,7.94,15.9,7.56,31.81,100,23630,51.31,1.02,51.85,53.17,7.36,32.24,29015,14501,15262,5866,0,16211,13828,14.01,5.99,20.63,18.03,6.83,40.35,10.6,19.85,10.32,25.62,11.09,20.04,12.54,11.88,2.56,64.76,60.17,77.63,72.27,69.15,75.37,358,2.28,812,13.92,16.26,19.09,24.38,0.68,0.8,0.94,1.2,94.46,0.4,2.06,1.33,2.08,2.05,2.14,69.21,1.79,64.27,2,68.6,70.17,0.44,15.59,1973,6.27,0.22,53900,72700,99400,45500,252,361,473,221,455,30.5,25.1,12.7,6,0,4.91,21.73,49.19,71.69,79.61,15.2,1089.5,0,559.59
26506,2.92,14.54,80.05,2.88,12.14,14.05,30.97,13.46,6.13,100,36297,89.97,0.48,32.88,14.41,3.04,7.25,37049,13440,14386,9759,7754,9799,9960,6.68,5.18,17.28,14.88,5.04,74.42,11.91,16.25,9.35,20.1,10.57,30.97,14.39,12.51,3.28,75.66,72.49,84.42,74.82,66.25,73.96,604,3.79,4919,17.87,28.71,38.73,54.65,3.32,5.33,7.19,10.14,79.61,3.95,6.88,5.25,2.92,2.96,2.85,67.1,7.52,47.71,3,92.56,66.22,1.92,22.77,1979,1.73,0.16,66800,78500,90800,24000,500,551,653,153,658,27.2,23.3,13.8,0,0,18.56,23.5,36.97,69.85,74.96,4,6633.1,1.35,441.95
27341,2.29,45.6,51.64,1.4,5.98,10.47,22.1,10.09,27.04,100,20731,60.34,0.5,35.7,46.37,4.85,16.4,25156,11295,12840,9742,12488,8918,8642,14.17,11.42,31.89,9.68,7.49,49.28,9.74,24.3,12.29,16.83,10.01,26.99,13.46,11.98,2.87,55.44,52.24,65.39,59.06,71.77,77.43,1565,7.24,8871,13.8,23.79,34.28,48.11,4.48,7.72,11.12,15.61,79.27,3.36,5.54,3.34,2.26,2.14,2.49,62.51,6.97,81.04,2,85.93,65.98,0.92,36.7,1974,2.42,0.25,67300,79600,91300,24000,384,473,535,151,544,31.4,25.1,12.9,0,0,32.45,20.26,47.72,71.19,76.34,3.7,7341.8,4.92,1304.02
43426,2.39,0.96,96.08,1.87,3.26,10.77,23.15,10.32,20.76,100,26109,68.64,0.37,43.76,38.97,5.48,23.17,30542,12734,12851,9970,13091,10328,8778,9.28,7.65,26.22,10.85,4.17,57.15,20.21,17.01,14.37,20.48,11.5,22.76,14.6,13.17,2.81,71.5,67.95,80.62,76.25,72.36,78.23,371,1.04,2748,11.03,16.45,21.8,25.55,0.7,1.04,1.38,1.62,91.7,1.33,3.42,2.32,2.34,2.32,2.42,72.75,2.63,67.04,2,88.31,73.64,0.62,21.68,1975,4.06,0.14,51200,61900,75300,24100,352,411,479,127,498,26.7,22.2,12.1,12,12,6.33,22.92,48.35,78.37,82.01,14.4,3021.6,0.64,439.29
10005,2.56,38.46,60.07,0.84,1.41,13.25,24.5,11.54,18.31,0,18619,69.19,0.15,28.55,36.28,14.08,20.22,24047,10086,13067,5390,26912,0,10803,24.78,13.46,33.24,14.5,8.15,49.25,9.15,27.12,15.4,24.61,14.85,29.11,17.68,16.38,3.11,52.76,45.86,56.04,59.71,55.69,69.04,515,5.66,164,12.8,21.95,21.95,35.37,0.21,0.36,0.36,0.58,96.89,0.3,6.76,4.3,2.43,2.45,2.4,56.77,5.76,48.22,3,86.85,56.26,3.05,31.3,1961,14.76,2.56,26100,39800,62000,35900,142,219,286,144,312,29.1,19.1,13.5,0,35,1.65,67.62,51.83,73.72,90.29,10.9,917.2,0.17,2119.93
19505,1.99,5.58,93.87,0.22,2.11,5.94,11.44,5.61,38.78,100,43148,51.89,1.06,68.55,54.3,2.61,28.33,58498,41358,43299,12298,20281,22517,11269,6.19,3.29,11.17,38.01,2.99,40.52,5.58,23.47,5.1,37.37,8.59,16.03,10.01,9.37,2.42,71.15,67.01,78,70.77,65.51,65.09,178,0.89,1171,11.19,16.23,23.83,28.44,0.67,0.97,1.43,1.71,93.46,1.08,1.43,0.9,1.97,1.98,1.9,79.16,1.38,57.29,2,64.1,78.44,0.15,26.18,1973,2.16,0.07,153200,252600,484200,331000,293,463,637,344,543,26.4,22.6,12.3,0,10,6,10.07,54.53,71.99,75.92,11.4,1718.2,0.24,541.74
11804,2.17,9.34,87.88,1.14,6.21,8.19,20.86,8.73,15.24,100,26710,78.76,0.35,39.84,27.1,2.27,10.59,33892,16502,17834,6506,10085,10397,8882,12.63,5.57,20.04,15.76,4.21,67.13,7.94,21.96,9.88,24.3,16.51,34.28,19.26,17.92,2.79,65.35,63.85,73.64,59.11,70.08,78.85,241,3.18,1669,21.45,31.94,39.19,47.57,3.03,4.52,5.54,6.73,84.12,4.29,4.12,2.15,2.11,2.18,2.01,59.68,4.81,68.26,2,90.76,57.68,1.81,26.58,1964,5.45,0.2,75800,91800,119400,43600,376,429,494,118,507,29.4,21.4,12.8,19,0,14.14,21.41,44.98,77.28,80.93,2,5843.6,2.54,838.59
26866,2.88,23,66.37,0.9,35.28,14.33,30.07,14.93,9.71,100,20594,75.83,1.3,23.64,20.96,11.17,11.96,22980,9757,11820,5741,5823,8255,5673,29.91,22.93,44.42,8.52,7.11,59.99,4.48,14.74,16.29,13.8,13.12,34.42,16.82,14.95,3.28,54.14,47.75,54.12,50.57,50.19,59.85,2848,14.15,5326,16.18,37.7,50.41,68.21,3.21,7.47,9.99,13.52,61.19,13.15,10.2,7.47,2.83,2.58,2.98,35.32,18.26,75.77,2,86.47,38.68,3.16,14.95,1973,17.87,0.13,52700,67300,89700,37000,224,328,408,184,410,30.2,22.2,12.7,29,5,19.82,33.7,33.71,73.89,79.03,12,2232.9,2.52,3364.91
12967,2.38,20.03,78.72,0.52,1.66,10.58,19.91,9.39,25.46,0,21328,58.38,0.91,41.97,49.2,6.28,24.97,25185,11829,13401,6070,14213,8674,5939,14.8,10.27,29.99,15.84,7.37,45.73,7.67,27.38,12,24.36,9.46,18.92,12.8,11.33,2.81,63.58,58.97,69.63,73.18,64.73,72.97,411,3.68,500,6.8,8.8,8.8,13.2,0.26,0.34,0.34,0.51,95.7,0.14,4.05,2.77,2.32,2.32,2.31,66.02,3.4,62.11,2,86.13,65.93,1.14,25.57,1973,8.49,0.11,46000,64500,90000,44000,193,305,382,189,369,28.7,22.6,12.2,0,0,3.86,35.04,41.24,69.69,80.09,7.7,1690.2,0,508.57
16491,2.46,21.9,76.14,0.41,3.78,16.68,28.19,17.14,21.02,0,20380,61.34,1.16,41.01,44.58,6.22,23.3,25081,10590,12082,5669,5638,6613,7309,20.32,8.87,27.12,18.94,7.43,45.66,12.02,32.53,16.07,28.51,11.43,34.45,14.58,13.23,2.91,54.63,49.06,60.54,59.41,69.01,70.45,818,6.28,712,14.47,19.66,23.31,29.49,0.62,0.85,1.01,1.27,93.4,1.46,5.71,3.26,2.21,2.25,2.16,53.99,3.53,64.38,2,86.89,52.94,1.18,40.57,1967,11.19,0.63,38800,51100,69900,31100,243,331,413,170,398,28.2,21.7,11.8,14,0,4.32,35.95,40.43,69.42,82.86,10,1651.7,0.29,1964.1
34378,2.45,21.82,75.5,1.7,1.34,13.65,25.55,12.19,15.4,100,21881,71.57,0.31,34.9,32.24,9.39,20.27,26629,12169,14016,6172,4438,9772,5597,19.64,12.12,29.65,16.72,7.83,54.05,7.73,25.23,11.27,25.95,13.01,27.19,16.99,15.18,2.98,63.04,57.54,62.69,67.75,62.56,68.48,1148,3.98,974,12.22,13.14,16.84,37.78,0.35,0.37,0.48,1.07,94.66,0.89,4.66,3.05,2.38,2.43,2.31,59.49,3.54,49.1,3,88.23,58.3,1.92,38.61,1965,8.75,0.41,35000,49800,72500,37500,178,279,361,183,364,26.3,19.3,13.1,45,24,2.83,45.78,49.38,76.1,82.17,16,2144.9,0.05,956.68
36830,2.6,42.37,53.68,0.54,6.43,13.02,24.47,12.06,17.55,100,18913,64.35,0.84,32.08,38.68,11.62,19.37,22601,9961,14238,4776,5271,25506,6870,29.23,18.35,43.15,11.26,12.39,48.15,7.14,21.59,16.01,16.82,13.83,32.2,17.42,15.73,3.08,46.08,36.72,49.83,41.25,63.47,70.91,3651,11.17,3419,14.68,30.16,40.22,60.34,1.36,2.8,3.73,5.6,88.42,2.87,8.89,5.94,2.54,2.32,2.77,47.36,9.75,69.77,2,82.15,51.85,2.05,17.67,1970,15.81,0.79,42400,56100,76500,34100,222,324,403,181,401,33.4,20.7,12.7,288,25,9.28,41.7,45.34,77.75,85.45,12.7,2892.7,3.1,2581.96
46325,2,16.68,81.57,0.84,3.86,6.9,18.5,8,33,100,26950,56.3,0.44,50.33,51.75,2.78,20.57,35318,17093,19119,7504,23238,12511,12427,9.89,8.75,25.73,16.07,4.79,48.33,8.91,16.44,9.25,24.63,10.56,24.5,11.94,11.32,2.62,66.1,58.7,77.97,60.51,68.59,76.28,1426,3.81,7000,9.06,14.53,20.31,29.59,1.37,2.2,3.07,4.47,85.27,2.89,3.77,2.1,2,1.99,2.02,71.79,3.72,79.54,2,80.28,72.1,1.07,34.29,1976,2.82,0.48,73400,97400,132800,59400,430,536,653,223,611,28,23.5,12.7,0,0,15.11,18.81,51.19,73.61,81.3,10.8,4281.4,1.35,832.58
17350,2.1,3.29,95.65,0.56,2.51,8.77,18.62,8.96,27.09,100,26877,56.75,0.55,52.16,46.98,3.69,23.7,35268,20310,20987,5381,8972,11473,16504,9.85,5.71,19.48,23.51,7.16,45.58,7.43,22.9,7.72,25.96,12.04,23.94,14.93,13.57,2.59,65.67,62.96,77.36,68.27,66.51,71.42,189,1.33,1088,12.87,15.35,18.47,23.62,0.81,0.96,1.16,1.48,92.4,0.6,1.91,1.16,2.07,2.08,2.06,62.34,2.24,65.76,2,82.16,62.11,0.39,22.95,1971,6.3,0.57,65400,104300,183500,118100,334,411,493,159,488,28.6,22.3,11.9,0,2,6.27,21.25,46.67,70.33,78.52,11.5,1512.9,0,657.11
34012,2.14,1.07,98.12,0.43,1.83,9.04,17.98,8.56,28.7,100,25906,59.1,0.51,55.49,49.21,3.71,28.87,33578,16721,16881,5061,22173,11533,14283,7.12,5.5,18.44,18.91,3.89,49.29,10.16,24.25,8.92,25.65,10.13,20.78,12.53,11.47,2.64,73.38,72.09,80.75,69.51,65.07,77.38,224,0.79,2400,5.17,7.38,8.58,12.54,0.36,0.52,0.61,0.88,92.76,0.57,1.76,1.1,2.08,2.15,1.91,72.87,1.06,69.4,2,86.3,70.49,0.52,16.01,1973,2.49,0,60900,76500,99700,38800,312,395,473,161,466,27.8,22.8,11.7,0,0,7.06,14.7,47.97,73.84,78.16,10.7,3173.9,0.65,513.6
164693,2.51,26.9,68.76,1.56,8.74,15.77,34.53,18.37,10.06,100,26119,80.89,0.48,32.38,22.52,6.37,11.8,30570,13879,16728,7369,10526,11894,9528,15.76,7.62,21.9,22.59,4.56,69.31,8.66,19.29,10.6,27.28,13.99,42.76,18.4,16.18,2.98,57.46,49.98,66.02,58.67,64.79,72.24,9455,9.1,11436,14.94,23.98,33.6,45.3,1.04,1.66,2.33,3.15,87.33,2.4,5.24,2.99,2.29,2.44,2.19,43.72,5.75,66.7,2,89.48,41.1,2.81,15.35,1972,7.31,0.29,59100,74300,98400,39300,338,428,511,173,506,27.3,21.4,12.6,688,235,6.94,32.34,35.77,62.21,71.83,69.7,2363.3,3.56,2304.49
65674,2.06,0.99,97.62,0.84,1.95,8.01,19.71,8.96,28.99,100,24296,61.15,0.43,48.47,46.13,3.62,27.26,30141,14539,14596,11602,10435,11754,10910,7.42,6.32,22.95,13.81,3.9,50.42,14.16,19.76,11.8,22.78,11.73,21.18,13.81,12.87,2.55,69.53,67.29,83.27,72.76,69.15,75.24,637,1.2,3946,10.77,18.25,21.16,24.08,0.65,1.1,1.27,1.45,93.02,0.63,1.67,1,2.02,2.05,1.95,67.02,1.35,78.45,2,82.46,65.83,0.24,24.42,1974,3.38,0.19,58300,71500,92500,34200,351,401,477,126,473,27.3,22,11.5,56,0,6.01,15.35,49.15,75.53,79.03,14.6,4484.7,0.6,622.5
61921,2.25,30.72,67.37,1.14,2.48,16.18,31.84,19.52,18.57,100,18631,65.65,0.35,35.07,37.1,7.76,19.29,24264,11901,14432,6485,10469,8809,11458,22.49,8.81,26.4,16.46,7.89,50.6,8.01,23.7,8.74,23.54,13.27,43.93,16.2,14.77,2.79,49.12,41.09,58.62,41.54,64.39,69.44,3604,7.96,4360,15.57,22.09,27.68,32.52,1.1,1.56,1.95,2.29,91.1,0.95,4.5,2.34,2.1,2.2,2.01,49.1,4.17,70.06,2,85.63,46.85,1.38,23.11,1967,11.11,0.2,45100,63000,88100,43000,264,355,436,172,420,30.4,24.1,13.1,94,18,7.04,33,41.24,67.69,75.79,33.4,1853.5,3.49,2082.86
40091,2.59,3.42,93.05,1.74,41.85,17.11,28.9,18.54,15.59,100,47506,78.77,0.98,56.73,28.72,3.79,13.87,64036,30852,32232,7399,34483,13824,27867,6.47,4.82,10.4,49.12,4.03,59.99,5.7,38.5,2.29,48.86,8.04,39.6,13.13,10.74,2.93,79.7,76.81,88.7,79.57,50.27,60.42,277,1.16,14275,11.31,16.45,21.18,27.36,4.03,5.86,7.54,9.74,51.8,6.93,4.25,2.66,2.33,2.58,1.89,70.47,6.32,50.96,2,93.35,63.61,2.45,28.79,1956,1.25,0.04,153100,223500,350700,197600,404,476,604,200,540,27.2,22.2,13.3,0,0,35.61,21.83,45.18,72.92,77.58,12.3,3272.2,3.11,974.36
28564,2.27,14.91,80.51,0.88,15.71,10.04,23.5,10.99,19.9,100,21665,66.24,0,38.37,38.38,4.46,18.47,25010,12130,13541,6190,9748,8723,7767,17.08,14.15,32.9,12.51,5.64,55.43,6.16,22.25,11.21,17.85,15.11,31.75,15.33,15.22,2.88,62.69,57.78,60.93,64.64,60.57,65.87,1201,5.82,5824,15.13,29.14,41.69,55.48,3.08,5.94,8.5,11.31,71.53,8.17,5.75,3.23,2.21,2.2,2.22,55.33,7.78,78.33,2,80.38,55.57,3.46,29.74,1962,7.87,0.29,52100,66900,88300,36200,327,387,450,123,453,29.3,24,12.7,0,23,20.39,20.17,42.8,74.38,78.35,5.8,4911.3,2.12,1680.3
14716,2.74,29.48,68.08,0.6,3.41,15.09,26.32,13.42,15.36,0,25751,72.83,1.81,31.16,34.29,8.94,20.08,30456,11356,13539,6749,6938,6647,7663,16.42,13.34,33.43,12.03,6.16,53.65,17.3,22.68,17.71,20.84,12.66,28.54,16.12,14.47,3.07,61.62,51.77,62.34,67.42,64.11,73.03,719,5.45,438,9.59,20.55,32.42,38.58,0.29,0.61,0.96,1.15,93.5,1.29,5.17,3.77,2.59,2.55,2.66,66.41,6.68,46.58,3,91.28,67.38,2.93,30.27,1962,11.64,0.92,38700,51400,70100,31400,174,263,336,162,346,25.4,16.6,11.5,0,0,2.98,58.32,56.46,86.11,93.04,8.9,1653.5,0.49,1517.44
42985,2.27,3.74,93.09,1.47,7.68,9.52,20.56,9.51,28.46,100,28465,62.64,0.2,44.95,46.24,3.14,21.06,35153,14897,15155,10299,17262,12721,10315,7.72,7.15,25.43,12.26,5.29,52.49,11.75,16.21,10.79,21.43,8.81,21.22,10.48,9.71,2.75,77.51,74.62,87.41,78.33,65.45,74.31,556,1.63,5830,11.08,17.8,20.86,28.35,1.5,2.41,2.83,3.85,83.69,2.46,3.11,2.08,2.26,2.26,2.26,78.26,2.67,69.64,2,87.45,78.25,0.52,29.89,1976,1.46,0.3,67300,83000,99900,32600,461,538,662,201,627,28.2,23,13.6,0,0,13.56,15.74,51.34,77.11,81.07,9.2,4692.7,0.9,373.65
13268,2.6,1.88,92.57,1.97,41.82,11.12,22.18,10.04,13.94,100,31461,79.94,0.6,42.04,25.66,3.84,17.5,38874,15394,15810,9460,19905,9437,11157,9.75,8.87,22.84,19.37,6.54,62.6,9.27,20.7,7.95,27.67,12.79,26.6,15.08,14,3.09,73.85,70.93,89.23,83.2,63.87,70.85,98,1.13,4449,17.15,25.65,30.73,43.36,5.75,8.6,10.3,14.54,54.12,10.34,5.48,3.77,2.55,2.67,2.33,66.7,11.7,55.77,2,95.36,63.55,0.81,22.98,1956,4.38,2.06,84500,103700,133700,49200,368,423,503,135,491,29.1,23.6,12.6,0,0,33.53,27.86,48.26,79.77,82.01,3,4364.5,2.91,950.27
10747,2.1,5.87,93.39,0.36,1.59,5.87,10.71,5.42,39.16,100,34158,49.2,0.87,65.95,57.66,6.32,39.51,40288,22482,23273,7422,44684,54993,15099,8.43,4.66,15.38,25.46,3.93,32.16,7.36,25.64,9.47,31.29,6.83,12.06,8.03,7.47,2.36,66.61,56.45,58.18,53.31,49.36,65.15,213,1.95,536,1.31,3.54,3.54,5.04,0.07,0.18,0.18,0.25,93.01,0.68,1.72,1.31,2.05,2.04,2.1,79.24,1.44,56.6,2,73.9,79.73,0.88,43.59,1979,3.7,0.16,114300,168200,225100,110800,240,364,513,273,434,25.6,23.7,11.5,0,0,4.93,14.53,41.11,58.03,66.03,14.6,736.1,0,415.11
11343,2.04,0.26,98.91,0.51,2.28,7.71,15.43,7.37,29.89,100,38464,63.67,0.63,65.34,46.82,2.31,24.4,49389,26855,26897,0,0,37373,16188,3.86,1.99,10.3,31.13,2.95,49.31,16.66,23.66,5.13,38.38,9.56,20.89,11.12,10.4,2.58,80.75,80.47,88.25,92.56,67.44,77.27,71,0.71,767,6.39,9.52,12.91,19.82,0.43,0.64,0.87,1.34,92.51,0.38,1.42,0.86,2.04,2.13,1.74,80.83,0.5,60.23,2,82.01,77.58,2.87,28.28,1970,0.11,0,94400,128200,200500,106100,483,558,745,262,648,27.6,20.1,13.4,0,0,6.76,16.44,57.81,79.19,83.32,3.4,3308.9,0,268.82
49708,2.35,38.54,58.59,1.49,6.79,10.51,23.96,10.85,19.4,100,26722,71.21,0.27,39.13,34.49,4.66,12.08,31847,14953,18094,10371,7465,14540,11478,10.32,5.32,20.82,19.01,5.55,58.33,10.43,24.48,10.41,25.75,10.82,28.1,14.91,13.07,2.91,61.48,56.83,71.3,59.11,69.1,75,2530,7.09,10249,17.23,25.28,38.62,50.03,3.55,5.21,7.96,10.32,84.62,2.05,4.69,2.96,2.33,2.32,2.35,57.49,7.13,75.47,2,80.43,57.89,0.64,28.6,1976,3.3,0.03,71300,93500,130200,58900,443,496,570,127,575,32.2,23.7,12.5,0,1,20.62,25.29,39.06,71.72,76.43,7.6,6533.6,3.3,1168.18
12482,2.28,3.51,94.86,0.92,2.02,10.89,25.45,13.4,19.56,100,24864,70.45,0.61,40.35,37.45,5.24,24.12,28551,12798,13103,6681,9311,5284,8489,10.34,8.08,25.86,11.78,6.08,55.56,8.35,20.43,8.57,23.63,11.73,26.89,15.86,13.91,2.71,68.29,66.77,83.98,82.67,65.33,72.6,184,1.85,671,15.2,20.42,24.29,28.46,0.82,1.1,1.31,1.53,92.8,1.2,2.19,1.44,2.26,2.25,2.28,62.87,1.8,59.98,2,89.59,63.19,0.47,11.46,1973,4.58,0.65,55000,67000,83500,28500,334,383,438,104,468,26.9,20.4,11.7,0,0,5.38,25.02,49.33,75.77,80.35,3.7,3402.9,0.6,463.85
11683,2.75,39.57,57.92,0.21,8.29,13.77,25.7,11.79,16.32,0,20347,71.77,1.06,24.85,38.8,8.02,16.36,22262,8878,11076,6042,0,7148,3991,20.75,22.55,46.34,8.19,13.21,51.91,6.93,16.45,19.29,14.31,11.84,27.3,14.85,13.46,3.15,56.65,48.54,64.24,62.32,61.34,68.6,905,7.73,522,10.34,23.75,35.25,48.08,0.46,1.06,1.57,2.15,91.44,2.01,8.19,6.12,2.72,2.6,2.91,57.68,7.98,56.87,2,83.26,60.47,1.87,36.77,1973,16.44,0.12,31300,42300,56200,24900,160,238,316,156,326,26.5,18.7,13.7,0,0,4.47,46.05,53.21,82.84,87.44,8.3,1407.6,1.84,1083.09
24725,2.26,22.64,76.02,0.56,2.51,10.24,20.5,10.01,24.55,100,23695,63.48,0.9,41.48,46.16,6.38,24.07,30046,14154,16383,6642,8565,13839,7586,13.46,10.9,28.73,17.76,6.59,49.11,9.29,24.58,10.12,26.18,11.72,23.41,15.42,13.79,2.78,59.45,51.8,65.62,56.93,63.14,72.08,1088,4.71,978,11.55,16.97,29.45,35.28,0.46,0.67,1.16,1.4,93.86,0.63,4.12,2.56,2.2,2.29,2.09,59.41,3.75,65.15,2,85.8,57.18,1.66,33.19,1971,8.08,0.55,46000,60700,82300,36300,221,311,406,185,380,28.7,21.7,11.4,27,3,3.96,38.21,46.5,77.55,83.09,12.6,1957.3,0.49,1419.14
30050,2.66,9.34,83.6,2.35,14.49,14.73,32.48,15.71,7.96,100,27591,86.55,0.87,27.14,18.08,4.63,11.82,30896,11931,12904,6526,8853,10607,7662,11.81,8.03,23.89,13.36,5.62,70.98,5.73,12.23,11.23,19.48,12.19,31.03,15.64,13.96,3.07,70,65.73,76.22,78.08,68.38,75.76,730,3.59,2474,12.13,28.01,34.03,49.03,1,2.31,2.8,4.04,82.28,3.75,4.82,3.36,2.62,2.77,2.51,48.16,6.71,60.93,2,83.21,45.7,0.61,17.95,1981,9.22,0.54,59300,74400,91300,32000,390,444,506,116,531,27.5,22.1,12.1,0,0,8.23,23.38,29.8,48.49,61.71,12.9,2336.7,0.35,1201.23
44822,1.96,2.31,95.96,0.89,5.44,5.29,14.64,6.73,44.41,100,26703,51.4,0.33,54.87,61.12,3.32,23.59,31567,18012,18207,14211,5975,11321,12623,5.79,7.18,24,14.2,5.82,39.44,9.43,18.97,7.36,25.27,6.8,16.96,8.48,7.72,2.37,76.36,72.93,90.65,71.86,61.01,71.06,198,0.51,6075,5.76,9.83,12.53,17.65,0.78,1.33,1.7,2.39,84.55,1.68,0.96,0.61,1.94,1.91,2.08,76.73,1.51,81.47,2,87.62,78.25,0.4,31.93,1978,0.86,0.16,63000,77600,99100,36100,496,557,644,148,633,29.3,23.3,12.4,0,1,13.55,8.6,47.15,72.91,77.64,11.9,3765.3,0.69,348.12
14589,2.82,7.2,90.06,1.41,8.23,9.6,20.02,6.9,15.3,100,40885,79.23,0.17,44.5,30.05,2.4,14.5,42787,15527,15883,10509,20291,16073,12854,3.08,4.78,15.31,21.12,4.38,64.31,7.55,24.64,6.92,27.38,6.23,16.1,9.81,8.12,3.09,85.41,82.8,89.03,83.39,69.17,72.56,116,1.15,1708,8.37,9.89,12.24,21.84,0.98,1.16,1.43,2.56,86.9,1.62,3.81,3.13,2.8,2.77,2.97,84.51,2.94,39.97,3,86.47,85.43,0.12,19.14,1983,1.68,0.3,75500,91100,112200,36700,551,605,687,136,719,27,23.2,12.9,0,0,11.71,24.1,35.15,66.44,74.82,9.1,1599,0.12,244.05
98784,2.24,8.97,89.13,1.03,2.92,10.59,21.32,10.25,22.03,100,26473,65.48,0.5,48.68,39.46,4.52,22.4,33434,16726,17842,6825,6710,9878,11896,10.65,6.23,19.78,20.36,4.8,54.33,10.93,21.78,8.39,25.52,12.57,25.6,15.15,13.98,2.75,65.94,62.09,73.14,71.95,63.62,72.2,2329,3.03,8077,10.31,15.45,22.67,28.61,0.84,1.26,1.85,2.34,89.99,1.24,2.71,1.68,2.17,2.25,2.04,64.08,2.15,69.5,2,81.99,61.78,1.11,27.45,1972,5.04,0.16,61700,82100,116700,55000,319,396,498,179,464,28.1,23.1,11.9,217,36,8.18,19.78,46.11,72.93,77.26,25.8,3833,1.55,1155.27
672971,2.62,24.35,72.75,1.92,2.58,13.82,28.77,13.88,9.76,98.8,28513,80.64,0.47,33.84,23.41,6.33,15.21,33548,13857,15833,8114,11393,14150,11306,12.81,7.26,23.13,18.39,5.2,65.89,9.15,20.61,12.43,25.2,12.64,29.38,16.5,14.64,3.1,69.79,64.73,78.04,71.52,62.69,69.91,21097,4.35,23310,11.41,19.79,27.9,35.26,0.4,0.69,0.97,1.22,93.55,0.69,4.63,3.19,2.54,2.66,2.36,64.77,4.33,45.81,3,90.37,61.98,6.87,35.74,1969,6.15,0.4,45700,64000,89900,44200,266,355,441,175,431,25.6,20.6,12.4,665,155,3.46,46.39,46.33,75.84,81.96,801.7,839.4,2.65,1681.08
22242,2.41,13.43,85.03,0.92,2.5,14.18,24.49,14.31,19.22,100,37080,70.07,1.4,56.04,34.59,4.04,22.87,47931,25161,28239,7168,20000,9480,13416,9.98,4.26,11.54,43.46,3.4,52.96,6.4,35.36,6.06,44.65,9.25,32.32,13.82,11.78,2.8,68.83,64.62,87.32,61.46,54.78,63.18,666,4.28,930,14.73,18.06,21.4,26.77,0.62,0.76,0.89,1.12,94.02,0.66,2.88,1.79,2.21,2.3,2.04,69.48,2.29,46.92,3,91.74,66.88,1.93,21.9,1961,2.37,0.16,91300,138600,233200,141900,340,435,595,255,512,29.2,20.6,11.8,9,3,4.18,27.47,48.88,71.27,81.18,7.2,3087.5,1.58,870.26
149377,2.25,28.11,69.61,0.87,7.15,9.95,23.03,10.44,15.54,100,27239,72.13,0.76,41.88,30.16,4.95,12.6,34010,19814,25429,6387,13713,23166,12177,17.11,9.15,25.83,21.85,6.68,58.56,8.78,20.92,11.18,25.77,16.19,38.31,17.29,16.74,2.91,56.97,49.93,64.9,57.06,61.63,68.19,8805,8.85,25963,14.11,26.54,36.76,52.73,2.45,4.61,6.39,9.16,80.73,3.85,6.13,3.22,2.17,2.22,2.12,55.54,8.23,74.76,2,81.75,54.4,3.45,35.8,1964,7.18,0.58,65800,99200,188200,122400,346,420,526,180,486,29.3,24.1,13.7,231,436,17.38,26.09,47.93,78.42,83.17,32.5,4597.3,4.7,1421.42
10404,2.52,29.58,66.8,1.78,23.76,11.35,25.05,11.92,12.4,100,31741,79.28,1.19,37.73,23.73,6.18,13.47,39358,17028,21486,7386,13525,20328,14316,14.79,7.23,20.85,31.07,5.49,64.47,7.49,34.65,7.18,36.19,12.29,37.74,16.34,14.39,3.23,63.68,52.06,65.04,65.78,60.86,67.26,725,9.52,2380,10,13.15,25.13,33.66,2.29,3.01,5.75,7.7,70.11,4.94,9.53,5.76,2.52,2.73,2.19,65.94,8.67,53.15,2,95.01,60.86,11.98,30.41,1958,2.76,0.25,77600,106700,146500,68900,338,421,506,168,485,29.4,22.9,14.5,0,0,22.88,36.65,57.52,84.66,86.69,2.4,4371.4,7.6,1759
32387,2.67,28.49,68.81,0.92,4.9,13.96,28.98,14.07,11.48,100,25029,76.99,0.58,27.95,30.37,9.2,14.17,28364,11115,13251,6301,6807,13245,6744,16.27,9.43,29.16,11.94,5.81,60.19,17.78,18.44,17.4,20.61,15.62,30.92,18.46,17.1,3.15,61.24,54.28,68.32,59.71,66.28,72.85,1988,7.7,1198,12.94,18.2,27.71,37.56,0.48,0.67,1.03,1.39,92.49,1.43,6.61,4.41,2.58,2.62,2.52,57.29,5.97,54.14,2,87.6,56.31,3.21,29.04,1974,8.16,0.3,46400,59300,74100,27700,275,381,455,180,458,27.1,22,13.2,53,16,3.7,43.39,46.34,71.64,83.46,17.9,1806.1,0.75,1440.54
121697,2.3,8.52,88.25,1.32,11.86,10.21,21.42,9.94,19.95,100,27352,67.62,0.38,42.96,39.24,5.28,14.53,33995,16303,17356,7127,15194,13422,10161,11.01,8.59,27.12,15.71,6.05,55.91,9.78,21.29,10.71,24.69,12.35,27.24,13.98,13.22,2.91,70.56,66.08,78.01,72.5,65.88,71.2,2631,2.83,21657,13.61,19.12,27.78,37.18,2.42,3.4,4.94,6.62,78.06,3.32,4.61,2.82,2.28,2.39,2.07,67.94,5.94,69,2,83.57,64.68,1.7,31.78,1966,4.01,0.32,64600,82100,114900,50300,361,446,584,223,523,30.7,23,13.5,90,98,17.8,22.95,49.56,75.31,83.24,28.2,4308.2,2,822.7
10084,2.75,20.39,76.19,1.86,13.52,14.24,23.45,13.29,14.67,100,41670,75.4,0.93,56.26,34.39,1.99,11.43,49597,21428,25186,8298,800,22334,13821,11.12,4.96,14.97,36.73,4.8,62.12,6.68,30.7,7.41,39.5,8.74,32.25,11.19,10.06,3.13,76.42,72.66,84.01,72.78,72.58,77.59,172,2.78,2416,11.92,20.12,31.37,44.62,2.86,4.82,7.52,10.69,71.14,4.07,7.22,5.1,2.61,2.64,2.39,87.49,6.35,44.16,3,93.59,86.36,0,36.65,1953,0.76,0.66,80900,104900,150800,69900,357,490,654,297,597,29.2,23.6,13.2,0,0,23.96,29.29,53.22,82.67,86.48,2.6,3896.4,2.87,1425.33
26326,2.18,12.86,83.17,1.7,11.94,9.5,27.81,12.36,11.58,100,27708,80.8,0.66,36.19,22.98,4.59,11.62,32611,15273,16645,8824,8089,9078,9319,10.36,7.27,21.69,17.46,4.61,69.27,11.48,16.11,10.5,21.62,17.01,38.23,19.08,18.04,2.8,63.04,59.9,70.87,56.28,67.88,74.23,962,6.27,4372,20.29,34.58,45.17,55.63,3.37,5.74,7.5,9.24,79.46,4.61,3.61,1.88,2.14,2.16,2.13,49.64,6.27,78.2,2,87.19,49.29,2.08,23.96,1971,5.69,0.32,71400,89200,113000,41600,410,471,546,136,541,27.7,22.8,13,0,0,16.61,22.18,37.35,71.74,77.38,6.6,3993.6,2.92,1607.89
72411,2.25,28.48,69.97,0.57,5.36,8.76,21.07,9.39,22.29,100,29683,64.92,0.44,46.49,40.34,5.48,17.17,35559,17382,21714,6416,151620,14767,12685,16.05,9.75,26.27,18.38,6.34,52.13,8.53,19.79,11.55,24.81,13.75,30.07,14.77,14.29,2.79,55.82,45.27,67.94,59.32,62.25,70.64,4619,8.12,10268,12.32,24.26,35.26,52.09,1.75,3.44,5,7.39,83.56,4.1,6.25,3.63,2.17,2.14,2.23,62.26,7.58,75.84,2,75.28,63.26,1.08,27.4,1972,6.32,0.28,67100,99300,168200,101100,374,470,595,221,542,29.3,23.5,12.9,11,64,14.18,26.12,49.14,79.45,84.32,21.1,3435.7,3.53,2682.28
12123,2.01,0.5,98.01,0.91,2.76,8.06,17.47,8.07,26.74,100,35862,63.2,0.25,62.11,41.26,3.31,35.81,43898,23359,23568,13000,10081,11914,10938,5.24,2.75,9.8,34.74,3.72,49.05,15.66,20.76,7.62,39.88,13.06,24.87,13.54,13.3,2.51,70.44,66.79,81.5,81.24,54.51,67.47,83,0.79,922,6.4,11.5,14.21,17.57,0.49,0.87,1.08,1.34,92.8,0.95,1.31,0.8,2.01,2.03,1.97,68.87,1.3,62.67,2,72.84,68.23,0.18,16.75,1971,2.24,0,91400,127000,174700,83300,374,475,628,254,549,25.4,19.1,12.9,0,3,7.61,14.2,49.31,69.49,76.14,5.1,2382.7,0.18,620.31
12778,3.05,1.31,94.6,0.99,8.41,15.14,29.13,12.51,6.28,100,32014,87.82,0.99,26.75,18.38,3.88,13.87,34788,11608,11754,10183,0,11566,7269,7.7,10.92,28.86,9.57,5.19,70.56,11.25,13.99,14.75,17.46,8.18,25.37,14.12,11.24,3.34,79.89,76.55,89.96,81.12,66.73,71.34,118,1.22,660,18.94,27.73,31.67,35,0.98,1.43,1.64,1.81,90.15,1.95,6.58,5.37,3.05,2.98,3.34,80.63,4.96,21.36,3,94.46,82.33,1.63,25.61,1979,5.08,0.14,53100,64700,84200,31100,336,423,502,166,557,24,21.4,11.5,0,0,5.17,38.7,52.39,78.87,84.8,9.3,1366.9,0.18,618.06
358548,2.75,27.39,65.64,0.63,62.46,12.16,24.63,11.87,14.8,100,16925,71.43,0.52,18.63,26.56,18.01,9.29,19725,9799,11664,5962,6494,11615,8705,31.17,30.89,52.37,12.79,11.02,53.19,14.37,18.31,19.42,17.35,15.22,36.73,18.49,16.93,3.3,52.46,42.21,54.24,56.78,57.24,63.53,33871,13.06,214128,16.93,26.03,33.06,48.59,10.11,15.55,19.74,29.02,26.73,34.27,11.24,7.37,2.7,2.86,2.61,35.11,26.86,82.86,1,90.11,33.09,9.76,31.22,1962,9.93,1.44,60000,79200,101000,41000,255,346,438,183,404,32.7,24.3,13.2,896,268,59.72,24.12,45.67,80.02,81.34,36.9,9728.3,13.15,3829.21
22965,2.4,0.81,97.24,1.48,3.48,11.45,21.81,9.95,13.82,100,44688,78.28,0.37,56.48,27.02,1.47,15.11,51654,26185,25816,15298,29078,61962,18358,4.51,2.41,9.11,38.21,2.57,65.61,14.41,24.99,5.93,42.24,9.14,25.8,14.03,11.7,2.86,78.49,78.94,90.75,77.65,69.62,76.67,110,0.67,1625,11.75,15.82,19.45,25.97,0.83,1.12,1.38,1.84,91.39,0.67,2.24,1.56,2.4,2.48,2.16,76.59,1.32,50.05,2,78.52,74.01,0.23,27.96,1980,0.82,0.21,94600,137700,213500,118900,522,620,790,268,724,26.7,22.3,12.8,0,1,7.08,22.06,39.34,69.14,76.37,27.2,843.4,0.36,343.74
11727,2,3.33,95.17,0.52,2.24,7.23,16.79,7.78,31.15,100,21397,54.78,0.8,51.16,50.86,4.5,26.89,27824,13842,14181,6628,12743,8807,11181,10,8.91,27.71,15.37,5.79,45.05,11.43,22.77,14.59,21.18,13.4,22.88,14.62,14.08,2.56,63.41,59.6,74.95,72.23,77.18,81.36,82,0.81,1121,4.46,7.85,12.76,16.06,0.43,0.75,1.22,1.53,88.26,1.88,1.65,0.95,1.96,1.96,1.96,71.28,1.65,77.25,2,82.99,71.28,0.58,27.41,1960,3.85,0.1,40800,50200,64900,24100,281,345,407,126,427,30,22.7,12.2,0,0,9.56,17.99,52.35,76.22,80.9,2.9,3988.8,1.51,1305.64
15337,2.54,0.73,98.37,0.4,1.06,11.81,22.01,10.02,19.12,100,25053,63.6,0.23,41.62,42.09,5.3,25.9,26652,11025,11034,12254,8967,11586,9299,10.17,8.08,28.14,8.06,4.13,53.15,14.04,17.53,14.93,18.89,10.67,19.26,12.82,11.79,2.89,75.23,71.14,79.6,72.91,60.46,68.99,54,0.43,484,5.37,5.37,5.37,10.54,0.17,0.17,0.17,0.33,94.61,0.48,3.27,2.47,2.54,2.47,2.8,76.28,2,46.75,3,87.73,78.47,1.18,36.33,1981,4.17,0.26,52000,62700,74700,22700,338,389,454,116,496,26.4,23.6,12.1,0,0,3.16,23.54,39.41,68.07,74.72,7.5,2031.9,0.15,981.19
42045,2.42,23.79,74.89,0.63,2.17,12.66,23.73,11.67,18.68,100,21766,66.58,0.64,37.17,38.4,9.18,18.39,26700,12783,15074,5507,13914,18751,13465,19.88,10.43,28.38,16.73,7.05,51.96,13.94,23.67,12.83,26.4,13.2,26.69,16.4,14.96,2.94,58.65,51.67,61.82,57.96,53.82,65.43,2282,6.17,1138,5.54,7.12,9.93,21.44,0.15,0.19,0.27,0.58,94.69,0.7,4.78,3.14,2.34,2.38,2.29,58.08,5.19,54.84,2,89.3,57.17,3.31,35.88,1974,7.77,0.45,43800,62900,89100,45300,190,294,387,197,392,26.4,21.5,12.6,39,0,2.71,44.47,46.16,73.34,83.65,29.9,1406.2,0.14,1622.96
59646,2.38,9.5,87.42,2.05,3.48,13.2,27.8,14.08,15.33,100,25893,72.49,0.64,41.44,30.91,4.5,21.58,31633,13224,14027,7580,8664,8058,10970,12.84,6.33,20.82,18.76,6.39,57.63,20.11,19.78,11.44,26.92,12.08,31.37,15.34,13.75,2.86,68.55,62.88,76.6,73.31,61.86,68.74,1519,3.3,3767,19.75,26.47,32.23,36.24,1.25,1.67,2.04,2.29,91.38,1.04,3.3,2.1,2.32,2.44,2.15,61.09,2.73,52.29,2,89.29,58.08,2.5,29.68,1974,5.4,0.13,50900,65100,86300,35400,317,391,460,143,467,27.7,20.6,11.8,75,10,6.32,25.04,41.11,66.69,74.18,29.7,2006.1,0.14,1461.01
84770,2.66,21.44,73.36,3.94,4.4,25,42.46,29.33,8.45,100,21077,81.3,0.66,42.63,19.62,6.55,12.39,31321,11549,13322,6267,11591,8622,8256,26.33,5.08,15.16,40.49,6.59,55.61,4.65,48.76,6.16,38.51,7.94,52.7,12.54,10.29,2.98,64.19,59.11,73.3,69.09,59.6,68.72,3666,8.01,6908,30.37,42.72,55.34,62.35,2.47,3.48,4.51,5.08,88.85,0.92,4.01,2.26,2.35,2.54,2.18,50.9,4.91,52.33,2,92.24,47.1,5.55,33.01,1969,5.89,0.45,47800,63800,88800,41000,222,305,411,189,383,33.2,19.5,12.1,35,7,8.15,43.16,34,55.72,81.04,36.1,2347.4,2.7,1573.82
66692,2.52,6.17,90.7,1.83,8.14,12.47,24.85,11.7,13.02,100,41832,80.64,0.82,53.22,26,2.53,13.21,50382,21702,22402,15340,17358,15381,14803,3.54,3.84,12.34,31.73,3.91,66.72,9.19,24.38,4.97,37.33,8.24,27.15,12.08,10.27,2.97,80.7,79.43,91.84,76.66,59.08,68.12,590,1.28,9284,12.16,18.42,26.13,34.31,1.69,2.56,3.64,4.78,85.15,1.91,2.99,2.12,2.5,2.63,2.16,76.31,2.45,48.78,3,90.1,72.6,0.24,24.54,1978,0.62,0.18,93300,130100,172900,79600,530,617,735,205,705,27.1,23.2,12.5,0,0,13.92,20.85,40.63,70.21,77.34,22.5,2959.4,0.87,502.05
30996,1.81,14.17,84.01,0.47,8.76,5.6,12.81,6.1,42.31,100,20841,46.02,0.36,49.5,60.59,4.44,15.82,26931,16950,18733,6699,24519,21000,11461,15.96,11.11,32.08,14.08,7.32,35.44,8.96,17.63,9,25.24,12.24,20.81,11.41,11.77,2.44,54.54,48.36,63.74,55.14,49.56,58.3,1131,4.06,7742,6.64,13.06,21.08,27.28,1.66,3.26,5.27,6.81,74.58,2.84,2.18,1.09,1.79,1.71,1.96,63.69,4.73,89.98,2,69.1,66.78,1,40.79,1971,3.89,0.34,59300,76600,114300,55000,328,431,571,243,517,34.9,25,13,0,0,24.98,14.64,56.43,74.88,83.03,4.4,7115.7,3.73,1938.43
11114,2.93,12.24,84.18,1.59,6.91,12.48,28.89,10.67,4.49,100,40221,91.69,0.37,42.55,13.28,1.75,10.61,42843,14266,15244,8520,193,11220,9319,7.83,2.53,9.5,34.85,3.57,74.27,17.12,23.89,8.38,35.16,7.37,22.47,10.74,9.1,3.22,82.71,78.66,93.7,86.96,68.71,69.58,192,3.11,466,17.81,23.39,36.27,48.28,0.75,0.98,1.52,2.02,90.64,0.6,3.81,3.16,2.92,2.96,2.74,81.79,2.85,19.75,3,90.1,80.61,0.96,20.38,1987,3.16,0.52,78800,92800,113800,35000,357,484,565,208,570,28.2,23.8,12.1,0,0,4.19,33.19,20.73,38.17,65.39,13.9,801,0,827.68
92639,1.88,5.18,88.3,1.21,46.79,7.92,20.08,9.08,24.28,100,15312,57.06,0.48,32.21,40.11,10.28,10.98,22020,16504,17568,8197,6306,11314,10620,25.22,16.88,34.51,21.2,8.9,47.01,6.68,22.48,8.65,29.5,15.93,33.74,17.03,16.52,2.73,58.32,55.67,67.86,51.6,57.28,62.86,2611,4.39,47537,16.26,23.04,29.99,43.09,8.35,11.82,15.39,22.11,39.58,18.15,3.61,1.56,1.85,2.04,1.77,31.48,15.45,91.61,1,79,28.5,1.72,23.72,1961,9.01,0.88,123800,191300,322000,198200,296,379,508,212,427,35.1,25.2,13.7,61,20,51.31,11.48,38.19,71.29,73.61,7.3,12711.2,14.84,1981.89
18911,2.51,2.75,93.77,1.57,8.43,12.58,27.02,12.66,12,100,31231,83.38,0.83,35.77,23.88,4.08,16.02,34399,13817,14086,10266,8981,9092,9327,6.25,5.14,17.7,17.41,4.2,70.41,9.98,16.42,9.94,22.1,12.72,28.09,17.3,15.1,2.98,73.81,69.58,87.11,76.67,58.11,70.25,139,1.03,1419,7.26,9.51,12.54,27.34,0.54,0.71,0.94,2.05,86.25,1.96,3.91,2.65,2.49,2.52,2.42,65.77,2.82,40.51,3,93.32,64.82,0.93,18.15,1975,1.81,0,62600,75800,91800,29200,390,466,536,146,547,26.6,21.1,12,0,0,7.5,22.13,45.52,61.66,78.45,6.3,3005.6,0.34,575.26
64407,2.45,7.39,89.3,1.94,8.64,10.24,22.49,9.5,21.48,100,31540,69.36,0.27,45.59,38.97,3.15,17.02,37431,14593,15006,10643,11700,11810,13046,6.51,6.13,20.84,16.67,4.86,58.01,9.94,19.33,7.78,26.26,8.02,22.74,11.22,9.75,2.92,78.99,77.1,90.4,72.48,63.9,72.26,648,1.43,10473,9.84,15.36,23.6,31.44,1.6,2.5,3.84,5.11,81.51,1.89,3.07,2.13,2.43,2.47,2.29,76.93,3.27,63.12,2,89.82,75.57,0.17,24.52,1978,0.86,0.17,75400,89100,105800,30400,479,562,668,189,651,27.8,24.1,13.7,0,0,16.26,18.78,43.42,72.33,78.1,18.9,3415,1.13,517.18
13316,2.89,2.21,94.71,1.76,6.19,14.4,26.29,12.12,9.48,100,35374,81.99,0.33,43.82,22.31,3.37,14.33,37485,14307,14394,12042,25308,21127,6936,4.48,5.48,17.39,20.93,4.33,66.95,12.97,19.23,10.69,27.94,9.53,26.13,14.19,12,3.16,79.26,75.89,86.14,85.45,64.92,70.85,183,1.95,973,19.12,34.22,43.88,48.92,1.4,2.5,3.21,3.57,88.67,1.82,4.71,3.65,2.8,2.82,2.76,71.35,2.65,25.89,3,93.6,70.93,0.95,36.19,1978,2.32,0.06,68700,85700,105500,36800,421,521,690,269,667,29.3,22.6,12.5,0,0,7.31,24.17,40.75,62.71,77.15,5.4,2451.4,0,480.89
15124,2.56,5.22,93.2,0.97,2.89,11.89,21.05,9.52,14.45,100,36935,77.98,0.46,53.66,29.36,3.51,20.71,43315,17693,18375,5539,20000,6047,17650,7.33,4.42,12.19,28.31,4.5,64.2,12.7,24.55,7.36,34.87,9.38,21.74,12.03,10.77,2.92,82.31,79.09,90.93,79.08,62.35,72.02,258,2.2,968,14.15,20.45,26.86,28.62,0.91,1.31,1.72,1.83,92.24,1.03,2.54,1.88,2.52,2.56,2.32,83.39,1.36,46.23,3,92.53,81.99,0.42,38.45,1981,2.19,0,70500,100000,144900,74400,361,433,546,185,520,27,23.2,12.4,0,0,6.4,22.24,44.21,68.03,75.14,4.7,3220.6,0.55,408.19
45206,2.49,32.16,64.24,0.81,7.72,13.59,28.56,14.01,13.73,99.18,22102,72.61,0.48,32.48,31.7,8.97,13.84,26904,12329,15834,5938,9256,9440,7319,20.67,11.64,31.65,16.1,6.22,59.28,5.32,23.34,13.58,21.84,16.33,35.36,18.45,17.43,3.08,50.83,42.46,54.58,58.55,66.15,73.51,3914,11.16,2080,12.31,22.36,35.82,48.89,0.57,1.03,1.65,2.25,90.01,1.99,7.8,4.65,2.4,2.43,2.38,43.01,7.96,69.6,2,84.83,42.44,6.54,31.17,1973,11.14,0.31,43900,60500,88500,44600,280,373,467,187,451,27.3,20.2,12.4,86,75,4.6,37.77,39.51,72.99,79.69,22.8,1986.2,1.99,2678.55
